,Type,Conversion Rate Avg,Bounce Rate Avg
0,Control,0.055613329,0.396011432
1,Variant,0.053105799,0.411870393
2,Aggregate Difference,-0.00250753,0.015858961
