,Type,Conversion Rate Avg,Bounce Rate Avg
0,Control,0.06297508670797033,0.40044385376876934
1,Variant,0.06321395203795827,0.4082743554544512
2,Aggregate Difference,0.00023886532998793064,0.007830501685681834
